,candidate_campaign_links
0,candidate-Gavin Dass
1,https://www.twitter.com/Gavin4Congress
2,https://www.instagram.com/gavin4congress/
3,candidate-Victor D. Dunn
4,https://victordunn4congress.com/
5,https://www.facebook.com/dunnforcongress/
6,https://www.twitter.com/dunn4congress
7,https://www.facebook.com/victor.dunn.376
8,candidate-Jrmar Jefferson
9,https://www.jeffersonforcongress.com/
10,https://www.facebook.com/jrmarjefferson/
11,https://www.facebook.com/DelmaJrmarJefferson
12,https://www.twitter.com/JrmarJefferson
13,https://www.linkedin.com/in/jrmarjefferson/
14,candidate-Stephen Kocen
15,https://www.kocenforcongress.com/
16,https://www.facebook.com/TXdist1/
17,https://www.twitter.com/Kocen4Congress
18,candidate-Rosey Quinn
19,candidate-Aditya Atholi
20,https://atholiforcongress.com/
21,https://www.facebook.com/atholiforcongress
22,https://www.twitter.com/Atholi4Congress
23,https://www.instagram.com/atholiforcongress/
24,https://www.youtube.com/channel/UCmvyu4eajivaX3_2bM3NHng
25,candidate-Joe McDaniel
26,https://www.joemcdaniel.com/
27,https://www.facebook.com/joemcdanielforuscongress
28,https://www.twitter.com/joemcd2
29,https://www.facebook.com/joemcd2
30,candidate-Nathaniel Moran
31,https://ballotpedia.org/Help:Report_an_error
32,https://nathanielmoran.com/
33,https://www.facebook.com/moranforcongress
34,https://www.twitter.com/moran4congress
35,https://www.facebook.com/nqmoran
36,https://www.linkedin.com/in/nathaniel-moran-1b9a4016/
37,candidate-John Porro
38,https://johnporro4tx.com/
39,https://www.facebook.com/JohnPorro4TX/
40,https://www.twitter.com/JohnPorro4TX
41,https://www.facebook.com/john.porro.9
42,https://www.linkedin.com/in/john-porro-904969124/
43,candidate-Robin Fulford
44,https://www.fulfordforcongress.com/
45,https://www.facebook.com/RobinFulfordTX
46,https://www.twitter.com/RobinFulfordTX
47,https://www.instagram.com/RobinFulfordTX
48,https://www.facebook.com/ucla.robin
49,https://www.twitter.com/robindfulford
50,https://www.linkedin.com/in/robin-fulford-04bb209
51,candidate-Rayna Reid
52,https://www.facebook.com/RaynaReidforCongress
53,https://www.facebook.com/rayna.delaviev
54,https://www.twitter.com/_raynareid
55,https://www.linkedin.com/in/rayna-reid/
56,candidate-Daniel Crenshaw
57,https://crenshaw.house.gov/
58,https://www.facebook.com/RepDanCrenshaw/
59,https://www.twitter.com/RepDanCrenshaw
60,https://www.youtube.com/channel/UC2XDiCjAHtJqnSEzrHAY5IQ
61,https://crenshawforcongress.com/
62,https://www.facebook.com/CrenshawforCongress
63,https://www.twitter.com/DanCrenshawTX
64,https://www.instagram.com/dancrenshawtx/
65,https://www.youtube.com/channel/UCoghGq7h46VPsJiCHv2N2JA
66,https://www.facebook.com/daniel.crenshaw.50
67,candidate-Jameson Ellis
68,https://jamesonellis.com/
69,https://www.facebook.com/thejamesonellis
70,https://www.twitter.com/thejamesonellis
71,https://www.instagram.com/thejamesonellis/
72,https://www.youtube.com/channel/UCvgdfF-Q32ywyX8l2hn4sWQ
73,https://www.facebook.com/jamesonellistx
74,candidate-Martin Etwop
75,https://www.martinetwop.com
76,https://www.facebook.com/MartinEtwopForCongress
77,https://www.facebook.com/metwop
78,https://www.linkedin.com/in/martin-etwop-85596698/
79,candidate-Milam Langella
80,https://www.milam4congress.com
81,https://www.twitter.com/Milam2022
82,candidate-Mike Billand
83,https://www.facebook.com/MikeBillandforTX/
84,https://www.twitter.com/billand_mike
85,candidate-Lucia Rodriguez
86,candidate-Doc Shelby
87,https://www.docshelby.com/
88,https://www.facebook.com/docshelby2022/
89,https://www.twitter.com/docshelby2022
90,https://www.instagram.com/docshelby2022/
91,https://www.facebook.com/Shelby.Exploratory.23
92,candidate-Sandeep Srivastava
93,http://sandeepfortexas.com/
94,https://www.facebook.com/sandeepfortexas/
95,https://www.twitter.com/sandeepfortexas
96,https://www.facebook.com/sandeep.srivastava.18
97,https://www.linkedin.com/in/sandeep-srivastava-90777449/
98,candidate-Van Taylor
99,https://vantaylor.house.gov/
100,https://www.facebook.com/RepVanTaylor
101,https://www.twitter.com/RepVanTaylor
102,https://www.instagram.com/repvantaylor/
103,https://www.youtube.com/channel/UCIzNiuBisXW6jScW_OuW1Kg
104,https://www.vantaylor.com/
105,https://www.facebook.com/VanForTexas
106,https://www.twitter.com/VanTaylorTX
107,https://www.instagram.com/vantaylortx/
108,https://www.linkedin.com/in/repvantaylor/
109,candidate-Suzanne Cassimatis Harp
110,https://www.suzanneforcongress.com
111,https://www.facebook.com/RealSuzanneHarp
112,https://www.twitter.com/RealSuzanneHarp
113,https://www.instagram.com/realsuzanneharp/
114,https://www.facebook.com/suzanne.c.harp
115,https://www.linkedin.com/in/suzanne-harp/
116,candidate-Jeremy Ivanovskis
117,https://ivanovskisforuscongress.com/
118,https://www.facebook.com/profile.php?id=100077292336330
119,candidate-Keith Self
120,https://ballotpedia.org/Help:Report_an_error
121,https://keithself.com/
122,https://www.facebook.com/KeithSelfTX
123,https://www.twitter.com/selfforcongress
124,https://www.instagram.com/keithselfforcongress_/
125,https://www.facebook.com/keith.self.94
126,https://www.youtube.com/user/KeithSelf2010/
127,https://www.linkedin.com/in/keith-self-06b55518/
128,candidate-Rickey Williams
129,https://www.rickey4congress.com/
130,https://www.facebook.com/rickey4congress
131,https://www.twitter.com/rickey4congress
132,https://www.instagram.com/rickey4congress/
133,candidate-Christopher Claytor
134,https://www.facebook.com/christopher.claytor
135,https://www.linkedin.com/in/christopherclaytor
136,candidate-Iroghama Omere
137,https://www.omereforcongress.com/
138,https://www.twitter.com/IroghamaTX
139,candidate-Earl Davis
140,https://www.facebook.com/earlw.davisii.1
141,candidate-Pat Fallon
142,https://fallon.house.gov/
143,https://www.facebook.com/RepPatFallon
144,https://www.twitter.com/RepPatFallon
145,https://www.instagram.com/reppatfallon/
146,https://www.youtube.com/c/RepPatFallon
147,https://www.fallonforcongress.com/
148,https://www.facebook.com/fallonfortexas
149,https://www.twitter.com/FallonForTexas
150,https://www.youtube.com/channel/UCQiw1cF0LqYoxuvWrE-Ckig/featured
151,https://www.facebook.com/patrick.fallon.792
152,https://www.linkedin.com/in/patrick-fallon-09261b63/
153,candidate-John Harper
154,https://johnharperforcongress.com/
155,https://www.facebook.com/JohnHarperForCongress/
156,candidate-Dan Thomas
157,https://www.danthomasforcongress.com/
158,https://www.facebook.com/DanNewsMan12
159,https://www.twitter.com/DanNewsMan
160,https://www.instagram.com/danthomasforcongress
161,https://www.facebook.com/NewsmanDan
162,https://www.youtube.com/channel/UCIKucbTVnhzSr2Wqy5LIyFA
163,candidate-John Simmons
164,https://www.twitter.com/CongressRancher
165,https://www.instagram.com/Johnsimmonsforcongress/
166,candidate-Kathleen Bailey
167,https://www.baileyfortexas.com/home
168,https://www.facebook.com/kcbailey2022
169,https://www.twitter.com/KCBailey2022
170,candidate-Tartisha Hill
171,https://www.twitter.com/TartishaHill
172,https://www.facebook.com/tartishah
173,https://www.twitter.com/TartishaH
174,https://www.linkedin.com/in/tartisha-hill-67215828/
175,candidate-Charles Gearing
176,https://www.gearingfortexas.com/
177,https://www.facebook.com/GearingforTexas
178,https://www.twitter.com/GearingforTexas
179,https://www.instagram.com/gearingfortexas/
180,https://www.youtube.com/channel/UCgtV3nMJ2SnMS8PHnRztD0g
181,https://www.linkedin.com/in/charles-m-gearing-7330651/
182,candidate-Lance Gooden
183,https://gooden.house.gov/
184,https://www.youtube.com/channel/UCaEs0pYlL_1cLlPBHfl0RIg
185,http://lancegooden.com/
186,https://www.facebook.com/lancegoodenfortexas
187,https://www.twitter.com/Lancegooden
188,https://www.instagram.com/lancegooden/
189,https://www.facebook.com/lancegooden
190,candidate-Kevin Hale
191,candidate-Jake Ellzey
192,https://ellzey.house.gov/
193,https://www.facebook.com/RepJakeEllzey
194,https://www.twitter.com/RepEllzey
195,https://www.ellzeyfortexas.com/
196,https://www.facebook.com/CommanderEllzey
197,https://www.twitter.com/JakeEllzey
198,https://www.instagram.com/commanderellzey
199,https://www.youtube.com/channel/UCbzpzYhmgoFnqFr4a5ai56A
200,https://www.facebook.com/jake.ellzey.733
201,https://www.linkedin.com/in/jake-ellzey-0a253138/
202,candidate-James Buford
203,https://votebuford4congress.com
204,https://www.facebook.com/buford4congress
205,https://www.twitter.com/jamesbu74790136
206,https://www.instagram.com/buford4congress
207,https://www.linkedin.com/in/james-buford-8b604921b
208,candidate-Bill Payne
209,candidate-Bill Payne
210,candidate-Lizzie Pannill Fletcher
211,https://fletcher.house.gov/
212,https://www.facebook.com/RepFletcher/
213,https://www.twitter.com/RepFletcher
214,https://www.instagram.com/repfletcher/
215,https://www.youtube.com/channel/UCIWDLoDPvawP118TNWi-9rg
216,https://lizziefletcher.com/
217,https://www.facebook.com/LizzieForCongress
218,https://www.twitter.com/lizzie4congress
219,https://www.instagram.com/lizzieforcongress/
220,https://www.youtube.com/channel/UCb1_n8fVrDWDOqQXjFhCCNw
221,https://www.facebook.com/lizzie.pannillfletcher/
222,https://www.linkedin.com/in/elizabeth-fletcher-a6a7738/
223,candidate-Rudy Atencio
224,https://www.americansforpeace.us/
225,https://www.facebook.com/americans2022
226,https://www.twitter.com/rudy_atencio
227,https://www.instagram.com/americans2022/
228,https://www.youtube.com/channel/UCshvMO2idGdOuU7TbxP4nQw
229,https://www.facebook.com/americansforpeace
230,https://www.linkedin.com/in/rudy-a-atencio-161791177/
231,candidate-Tina Blum Cohen
232,https://www.tinablumcohen.com/
233,https://www.facebook.com/tinafortexas
234,https://www.twitter.com/tinacohen18
235,https://www.facebook.com/tb.cohen
236,https://www.linkedin.com/in/tina-cohen-776b3020/
237,candidate-Benson Gitau
238,https://www.bensongitau.com
239,https://www.facebook.com/ibensongitau
240,https://www.twitter.com/ibensongitau
241,https://www.instagram.com/ibensongitau
242,https://www.youtube.com/channel/UCUMWAUYZVtLxYRq3Lsm8JVA
243,candidate-Laique Rehman
244,http://www.laiquerehman.com/index.html
245,https://www.facebook.com/laiquerehmanforcongress1/
246,https://www.twitter.com/LaiqueRehman1
247,https://www.instagram.com/laique.rehman
248,https://www.linkedin.com/in/laique-rehman-40132521/
249,candidate-Lance Stewart
250,https://lance4tx.com
251,https://www.facebook.com/Lance-Stewart-104490375168018
252,https://www.twitter.com/Lance4TX
253,https://www.linkedin.com/in/lance-stewart-4529121b/
254,candidate-Tim Stroud
255,https://stroudforcongress.com/
256,https://www.facebook.com/TimStroudForCongress/
257,https://www.youtube.com/channel/UCaDtLj6D3SSKMxR4TxDuzLQ
258,https://www.facebook.com/timthearmymedic
259,https://www.twitter.com/timthearmymedic
260,https://www.linkedin.com/in/stroudmarketing/
261,candidate-Johnny Teague
262,https://www.checkjohnnyforcongress.org
263,https://www.facebook.com/CheckJohnnyTeague/
264,https://www.twitter.com/for_teague
265,https://www.facebook.com/johnny.teague
266,https://www.youtube.com/channel/UCpV-5G9sAzhgRrJw5DRvv9w
267,https://www.linkedin.com/in/dr-johnny-teague-76289a80/
268,candidate-Jafar Hajjar
269,candidate-Laura Jones
270,https://laurajonesforcongress.com/
271,https://www.facebook.com/LauraJonesforCongress
272,https://www.twitter.com/CongressLaura
273,https://www.instagram.com/LauraJonesforCongress/
274,https://www.facebook.com/laurajones.yoga.5
275,https://www.linkedin.com/in/laura-jones-a77889b3/
276,candidate-Betsy Bates
277,https://www.betsybatescongress2022.com
278,https://www.facebook.com/people/Betsy-Bates/100068817076358/
279,https://www.twitter.com/MAGABetsy
280,candidate-Candice C. Burrows
281,https://candicecburrows.com/
282,candidate-Christian Collins
283,https://www.christiancollins.org
284,https://www.facebook.com/christiancollinstx/
285,https://www.twitter.com/collinsfortx
286,https://www.instagram.com/christiancollinstx/
287,https://www.youtube.com/channel/UC0ZuhuSqcguzkBuIXdXk37A
288,https://www.facebook.com/Christian.S.Collins
289,https://www.linkedin.com/in/christiancollins7/
290,candidate-Jonathan Hullihan
291,https://www.hullihanfortexas.com/
292,https://www.facebook.com/JHullihanTX/
293,https://www.twitter.com/jhullihantx
294,https://www.instagram.com/jhullihantx/
295,candidate-Morgan Luttrell
296,https://www.morganluttrell.com/
297,https://www.facebook.com/MLuttrellTX
298,https://www.twitter.com/MLuttrellTX
299,https://www.instagram.com/mojoluttrell/
300,https://www.youtube.com/channel/UCfVZpKoKjsB6l5wF9AF96wg
301,https://www.linkedin.com/in/morgan-luttrell-169623195/
302,candidate-Dan McKaughan
303,https://danmckaughan.com/
304,https://www.facebook.com/DanMcKaughanTX/
305,https://www.twitter.com/DanMcKaughanTX
306,https://www.instagram.com/DanMcKaughanTX/
307,candidate-Jonathan Mitchell
308,https://www.jonathanmitchellforcongress.com/
309,https://www.facebook.com/Jonathan-Mitchell-for-Congress-103071841922918
310,https://www.twitter.com/JMitchellforTX
311,candidate-Chuck Montgomery
312,https://www.facebook.com/chuckmontgomeryforcongress
313,candidate-Mike Philips
314,http://www.meetmikephilips.com/
315,https://www.twitter.com/Meetmikephilips
316,https://www.instagram.com/Meetmikephilips
317,candidate-Jessica Wellington
318,https://jessicawellingtonforcongress.com
319,https://www.facebook.com/jessicawellingtontx
320,https://www.twitter.com/jwellingtontx
321,https://www.instagram.com/jessicawellingtontx
322,https://www.linkedin.com/in/jessica-wellington-573a7623/
323,candidate-Jessica Wellington
324,https://jessicawellingtonforcongress.com
325,https://www.facebook.com/jessicawellingtontx
326,https://www.twitter.com/jwellingtontx
327,https://www.instagram.com/jessicawellingtontx
328,https://www.linkedin.com/in/jessica-wellington-573a7623/
329,candidate-Taylor Whichard
330,https://www.taylorwhichardforcongress.com
331,https://www.facebook.com/taylorwhichardforcongress/
332,https://www.twitter.com/WhichardIv
333,https://www.instagram.com/tm.whichardiv/
334,https://www.linkedin.com/in/taylor-whichard-7117a846/
335,candidate-Salvador Gallegos
336,candidate-Ryan Jarchow
337,https://jarchowcampaign.com/
338,https://www.twitter.com/jarchowcampaign
339,https://www.youtube.com/channel/UCTwmiWvMtGdSXS8cttcJJfg
340,candidate-Adrian Kaiser
341,https://adriankaiser.com/
342,https://www.facebook.com/Kaiser4congress/
343,candidate-Christopher Revis
344,candidate-Roy Eriksen
345,https://www.facebook.com/roy.eriksen.16
346,https://www.linkedin.com/in/reriksen/
347,candidate-Randall Addison
348,candidate-Al Green
349,https://ballotpedia.org/Help:Report_an_error
350,https://algreen.house.gov/
351,https://www.facebook.com/repalgreen/
352,https://www.twitter.com/RepAlGreen
353,https://www.instagram.com/repalgreen/
354,https://www.youtube.com/user/RepAlGreen
355,https://algreen.org/
356,https://www.twitter.com/RepAlGreenTX
357,candidate-Jimmy Leon
358,candidate-Linda Nuno
359,https://lindanunoforcongress.com/
360,https://www.facebook.com/Lindanuno777
361,https://www.instagram.com/linda_nuno_for_congress/
362,https://www.facebook.com/PINKAIRPLANE18
363,https://www.twitter.com/LindaNuno7
364,https://www.youtube.com/channel/UCKGl31jrWboR_tzQuYWXzXQ
365,candidate-Larry Wallace Jr.
366,https://wallaceforcongress.com/
367,https://www.facebook.com/MayorDrWallaceJr
368,https://www.twitter.com/DrLarryWallace1
369,https://www.instagram.com/larrywallacejr/
370,https://www.youtube.com/channel/UC1ZAokqQ4c2BQV8IdxJnQBQ
371,https://www.facebook.com/drlarrywallacejr
372,https://www.linkedin.com/in/larrywallacejr/
373,candidate-Michael McCaul
374,https://mccaul.house.gov/
375,https://www.facebook.com/michaeltmccaul/
376,https://www.twitter.com/RepMcCaul
377,https://www.instagram.com/congressman_mccaul/
378,https://www.youtube.com/user/MichaelTMcCaul
379,https://michaelmccaul.com/
380,https://www.facebook.com/MichaelMcCaulTX
381,https://www.twitter.com/McCaulforTexas
382,https://www.youtube.com/channel/UCFTcskOT4na97M00Vpu_oZw
383,candidate-Bill Kelsey
384,https://www.facebook.com/bill.kelsey.5817
385,candidate-August Pfluger
386,https://pfluger.house.gov/
387,https://www.facebook.com/RepAugustPfluger/
388,https://www.twitter.com/RepPfluger
389,https://www.instagram.com/RepAugustPfluger/
390,https://www.youtube.com/channel/UC8bJT16wpa7co50ELvpMTTg
391,https://www.augustpfluger.com/
392,https://www.facebook.com/AugustPflugerTX
393,https://www.twitter.com/AugustPfluger
394,https://www.instagram.com/augustpflugertx/
395,https://www.linkedin.com/in/august-pfluger-23240577
396,candidate-Trey Hunt
397,https://treyhuntcongress.com
398,https://www.facebook.com/VoteHunt2022
399,https://www.twitter.com/VoteHunt2022
400,https://www.instagram.com/votehunt2022/
401,https://www.youtube.com/channel/UC2A87ZiAlVa5tAByX-NGPQg
402,https://www.facebook.com/TreyJHunt
403,https://www.linkedin.com/in/trey-hunt-0a87831aa/
404,candidate-Kay Granger
405,https://ballotpedia.org/Help:Report_an_error
406,https://kaygranger.house.gov/
407,https://www.facebook.com/RepKayGranger
408,https://www.twitter.com/RepKayGranger
409,https://www.instagram.com/repkaygranger/
410,https://www.youtube.com/c/RepKayGranger
411,https://kaygranger.com/
412,https://www.facebook.com/KayGrangerCampaign/
413,https://www.twitter.com/GrangerCampaign
414,candidate-Ryan Catala
415,https://ryanjcatala.com/
416,https://www.twitter.com/Catala4Congress
417,https://www.instagram.com/Catala4Congress
418,https://www.facebook.com/profile.php?id=100058913288479
419,https://www.twitter.com/ryanjcatala
420,candidate-Alysia Rieg
421,https://alysiarieg.com
422,https://www.facebook.com/athletealysiarieg
423,https://www.instagram.com/ay_lee_see_yuh
424,https://www.facebook.com/alysia.rieg
425,https://www.twitter.com/alysiarieg
426,https://www.linkedin.com/in/alysiarieg/
427,candidate-Chris Putnam
428,https://putnamfortexas.com/
429,https://www.facebook.com/putnamfortexas/
430,https://www.twitter.com/putnamfortexas
431,https://www.linkedin.com/in/chris-putnam-543b6/
432,candidate-Chris Rector
433,https://rectorfortexas97.com
434,https://www.twitter.com/cdrectorauthor
435,https://www.instagram.com/rector4texas
436,candidate-Kathleen Brown
437,https://www.kathleenfortx.com
438,https://www.facebook.com/KathleenForTx13
439,https://www.twitter.com/Kat4District13
440,https://www.youtube.com/channel/UCd1YzFPDnOR4Je0MgUqx6Rg
441,candidate-Ronny L. Jackson
442,https://jackson.house.gov/
443,https://www.facebook.com/RepRonnyJackson/
444,https://www.twitter.com/RepRonnyJackson
445,https://www.instagram.com/RepRonnyJackson/
446,https://www.youtube.com/channel/UCXhohNmrQ0R-c-5Nv2VfD9g
447,https://ronnyjacksontx.com/
448,https://www.facebook.com/RonnyJacksonTX
449,https://www.twitter.com/RonnyJacksonTX
450,https://www.facebook.com/ronny.jackson.568089
451,https://www.linkedin.com/in/ronny-l-jackson/
452,candidate-Eugene Howard
453,https://howard-2-congress.org/
454,https://www.facebook.com/PresidenHoward
455,https://www.twitter.com/VisionaryHoward
456,https://www.instagram.com/visionaryhoward
457,https://www.youtube.com/channel/UCMtrqJ3Kaw50cgN-utczIuw
458,https://www.linkedin.com/in/eugene-howard-ba5324170/
459,candidate-Mikal Williams
460,https://www.electmikalwilliams.com/
461,https://www.facebook.com/mikaldwilliams2022/
462,https://www.twitter.com/MikalDWilliams
463,https://www.instagram.com/mikaldwilliams/
464,https://www.facebook.com/mikal.williams.921
465,https://www.linkedin.com/in/mikal-d-williams-0129a87/
466,candidate-Jeff Antonelli
467,http://antonelli2022.com/
468,https://www.facebook.com/Jeff-Antonelli-for-TX-House-District-23-103359801449150
469,https://www.facebook.com/jeff.antonelli
470,candidate-Cyrus Sajna
471,https://www.facebook.com/cyrus.sajna
472,https://www.youtube.com/channel/UCQzBuLSO13YUqGmXTQZMKKg/
473,https://www.linkedin.com/in/cyrussajna/
474,candidate-Randy Weber
475,https://weber.house.gov/
476,https://www.facebook.com/TXRandy14/
477,https://www.twitter.com/TXRandy14
478,https://www.instagram.com/TXRandy14/
479,https://www.youtube.com/TXRandy14
480,https://randyweber.org/
481,https://www.facebook.com/WeberForTexas
482,https://www.facebook.com/randy.weber.1675
483,candidate-Randy Weber
484,https://weber.house.gov/
485,https://www.facebook.com/TXRandy14/
486,https://www.twitter.com/TXRandy14
487,https://www.instagram.com/TXRandy14/
488,https://www.youtube.com/TXRandy14
489,https://randyweber.org/
490,https://www.facebook.com/WeberForTexas
491,https://www.facebook.com/randy.weber.1675
492,candidate-Keith Casey
493,https://www.facebook.com/keith.casey.127
494,candidate-Ruben Landon Dante
495,https://www.rldforcongress.com/
496,https://www.facebook.com/RubenLandonDante/
497,https://www.twitter.com/RubenLDante
498,https://www.instagram.com/RubenLDante/
499,https://www.facebook.com/RubenLDante
500,https://www.youtube.com/channel/UCYG1WlXXgNaYYNyQ1cV804w
501,https://www.linkedin.com/in/rubendante/
502,candidate-Gina Smith
503,https://www.drginasmith.com/
504,https://www.facebook.com/Dr-Gina-Smith-100849645477947
505,https://www.twitter.com/drgina_smith
506,https://www.instagram.com/realginasmith2022/
507,candidate-Eliza Alvarado
508,https://alvaradoforcongress.com/
509,https://www.facebook.com/Eliza-Alvarado-for-Congress-106381151840888/
510,https://www.facebook.com/eliza.alvarado
511,https://www.linkedin.com/in/eliza-alvarado-133b1388/
512,candidate-Julio Garza
513,https://juliogarzaforcongress.com/
514,https://www.facebook.com/Julio-Garza-for-Congress-100101779182048/
515,https://www.twitter.com/Garzafor15
516,https://www.instagram.com/juliogarzaforcongress/
517,https://www.facebook.com/profile.php?id=100075343805997
518,candidate-Ruben Ramirez
519,https://voteruben.com/
520,https://www.facebook.com/Ruben-Ramirez-for-Congress-100963232386119/
521,candidate-Vanessa Tijerina
522,https://www.facebook.com/votetijerina2016
523,https://www.facebook.com/vanessa.s.tijerina
524,candidate-Michelle Vallejo
525,https://michellefortx15.com/home/
526,https://www.facebook.com/michellevfortx
527,https://www.twitter.com/MichelleVforTX
528,https://www.instagram.com/michellevfortx/
529,https://www.youtube.com/channel/UC2iOQwxr_HfaZGZde__QGug
530,candidate-John Villarreal Rigney
531,https://www.villarrealrigneyforcongress.com
532,https://www.facebook.com/Rigney2022
533,https://www.twitter.com/RigneyTeam
534,https://www.youtube.com/channel/UCmeFXyrLnLZaQ4ZGXljj-BA
535,https://www.facebook.com/john.rigney.52
536,candidate-Roberto Haddad
537,https://www.linkedin.com/in/roberto-haddad-73a20436/
538,candidate-Jose Aizar Cavazos
539,https://www.aizarcavazosforcongress.com/
540,https://www.facebook.com/Aizar-Cavazos-for-Congress-109197278211860/
541,https://www.twitter.com/AizarCavazosTX
542,candidate-Sara Canady
543,https://canadyforcongress.com
544,https://www.facebook.com/Judge-Sara-Canady-for-US-Congress-District-15-103426368856651
545,https://www.twitter.com/Canady4Congress
546,https://www.linkedin.com/in/sara-canady-0a902830/
547,candidate-Vangela Churchill
548,https://www.churchillforcongress.com/
549,https://www.facebook.com/vangelaforcongress/
550,https://www.twitter.com/ForChurchill
551,https://www.instagram.com/vangelaforcongress
552,https://www.youtube.com/channel/UCkeiaXW54mpdraR9RrDzlcA/featured
553,https://www.facebook.com/vangelachurchillforcongress
554,https://www.linkedin.com/in/vangeladenney/
555,candidate-Monica De La Cruz Hernandez
556,https://www.monicaforcongress.us/
557,https://www.facebook.com/monicaforcongress/
558,https://www.twitter.com/monica4congress
559,https://www.instagram.com/monicaforcongress/
560,https://www.youtube.com/channel/UCrD8yy6HIWAQByMKuPWcGxQ
561,https://www.linkedin.com/in/monica-de-la-cruz-250978169/
562,candidate-Mauro Garza
563,https://maurogarzaforcongress.com/
564,https://www.facebook.com/MauroGarzaForCongress
565,https://www.instagram.com/mauro4texas/
566,https://www.youtube.com/channel/UCAu2tHmUur3BVQN1MdTFTXw
567,https://www.facebook.com/mauro.garza.3914
568,https://www.linkedin.com/in/maurogarza/
569,candidate-Angela Juarez
570,candidate-Ryan Krause
571,https://ryankrauseforcongress.com/
572,https://www.linkedin.com/in/krause4u/
573,candidate-John Lerma
574,candidate-Steve Schmuker Jr.
575,candidate-Ross Lynn Leone
576,https://www.facebook.com/ross.leone.96
577,candidate-Veronica Escobar
578,https://ballotpedia.org/Help:Report_an_error
579,https://escobar.house.gov/
580,https://www.facebook.com/RepEscobar/
581,https://www.twitter.com/RepEscobar
582,https://www.instagram.com/repescobar/
583,https://www.youtube.com/channel/UC46TX2P8K0CA_4gZv8_R2Og/
584,https://veronicaescobar.com/
585,https://www.facebook.com/VeronicaEscobarTX
586,https://www.twitter.com/vgescobar
587,https://www.instagram.com/veronicaescobartx/
588,candidate-Deliris Montanez Berrios
589,https://dmbforcongress.com/
590,https://www.facebook.com/DMBfor
591,https://www.twitter.com/dmbfor
592,https://www.instagram.com/dmbfor
593,https://www.youtube.com/channel/UCQPTp_n5MqwY7IwixEvmBmA
594,https://www.facebook.com/deliris.montanez/
595,https://www.linkedin.com/in/deliris-dee-montanez-26405333
596,candidate-Irene Armendariz-Jackson
597,https://irenearmendarizjackson.com/
598,https://www.facebook.com/ArmendarizforElPaso/
599,https://www.twitter.com/ArmendarizDis16
600,https://www.instagram.com/irene4congress/
601,https://www.facebook.com/Ireneajackson
602,https://www.twitter.com/amazingurl09
603,https://www.linkedin.com/in/irene-armendariz-jackson-ma-59b3a426/
604,candidate-Samuel Williams Jr.
605,https://samforep.com/
606,https://www.twitter.com/votesamuelwill1
607,https://www.facebook.com/profile.php?id=100007308886429&ref=br_rs
608,candidate-Mary Jo Woods
609,https://maryjowoodstx17.com/
610,https://www.facebook.com/MaryWoodsTX17
611,https://www.twitter.com/MaryJo_TX17
612,https://www.instagram.com/maryjotx17
613,candidate-Pete Sessions
614,https://sessions.house.gov/
615,https://www.facebook.com/petesessions
616,https://www.twitter.com/PeteSessions
617,https://www.youtube.com/channel/UCD-O0Y92UcMglKmoo7BHLsg
618,https://www.petesessions.com/
619,https://www.facebook.com/sessionsforcongress
620,https://www.twitter.com/SessionsTX17
621,https://www.linkedin.com/in/petesessions?
622,candidate-Paulette Carson
623,https://www.carson4congress.us/
624,https://www.facebook.com/Carson4Congress
625,https://www.twitter.com/Carson4Tx
626,https://www.facebook.com/carsoncp
627,https://www.linkedin.com/in/paulette-carson-25400945/
628,candidate-Jason Nelson
629,https://www.jasonnelsonforcongress.com/
630,https://www.facebook.com/Jason-Storm-Nelson-for-Congress-111374444732444/
631,https://www.twitter.com/Storm4Congress
632,candidate-Robert Rosenberger
633,https://www.linkedin.com/in/robertrosenberger/
634,candidate-Sheila Jackson Lee
635,https://ballotpedia.org/Help:Report_an_error
636,https://jacksonlee.house.gov/
637,https://www.facebook.com/CongresswomanSheilaJacksonLee/
638,https://www.twitter.com/JacksonLeeTX18
639,https://www.instagram.com/repjacksonlee/
640,https://www.youtube.com/user/RepJacksonLee
641,https://www.facebook.com/SheilaJacksonLeefor18
642,https://www.instagram.com/SheilaJacksonLee/
643,https://www.facebook.com/sheilajacksonlee18
644,https://www.linkedin.com/in/congresswomansheilajacksonlee/
645,candidate-Cassius Marcellous Evergreen
646,https://cassiusevergreen.com
647,https://www.twitter.com/CashForCongress
648,https://www.instagram.com/cashforcongress/
649,https://www.linkedin.com/in/cassius-evergreen/
650,candidate-Charles Thompson
651,https://ct4cd18.com/
652,candidate-Carmen Maria Montiel
653,https://carmenforcongress.com/
654,https://www.facebook.com/CarmenForCongress
655,https://www.twitter.com/Carmen4Congress
656,https://www.instagram.com/carmenforcongress/
657,https://www.carmenmaria.today/
658,https://www.facebook.com/carmen.ma.montiel
659,candidate-Scott Huckabee
660,https://www.twitter.com/ScottHuckabee2
661,candidate-Phil Kurtz
662,https://www.facebook.com/phil.kurtz.3
663,https://www.youtube.com/channel/UC9mEvVku2Mlre6FDGNbvvUQ/featured
664,https://www.linkedin.com/in/philip-kurtz-913006174/
665,candidate-Jodey Arrington
666,https://arrington.house.gov/
667,https://www.facebook.com/RepJodeyArrington
668,https://www.twitter.com/RepArrington
669,https://www.instagram.com/repjodeyarrington/
670,https://www.youtube.com/channel/UC3lif8TFPOe-tJ2-pE4Rp7Q
671,https://www.jodeyarrington.com/
672,https://www.facebook.com/JodeyArringtonTX19
673,https://www.twitter.com/JodeyArrington
674,https://www.instagram.com/jodeyarrington/
675,https://www.facebook.com/jodey.arrington.5
676,https://www.linkedin.com/in/jodeyarrington/
677,candidate-Joaquin Castro
678,https://castro.house.gov/
679,https://www.facebook.com/JoaquinCastroTX/
680,https://www.twitter.com/JoaquinCastrotx
681,https://www.instagram.com/joaquincastrotx/
682,https://www.youtube.com/user/JoaquinCastroTX
683,https://castroforcongress.com/
684,https://www.facebook.com/JoaquinCastro4Congress
685,https://www.twitter.com/Castro4Congress
686,https://www.facebook.com/joaquin.castro.142
687,https://www.linkedin.com/in/joaquin-castro-2626ab51/
688,candidate-Kyle Sinclair
689,https://kylefor20.com/
690,https://www.facebook.com/kylefor20
691,https://www.twitter.com/kylefor20
692,https://www.instagram.com/kylefor20/
693,https://www.facebook.com/kyle.sinclair2
694,https://www.twitter.com/sinclairkyle1
695,https://www.linkedin.com/in/kylesinclair2010/
696,candidate-Mark Murray
697,candidate-Michael Stevens
698,candidate-David Anderson
699,https://www.davidandersonforcongress.com/
700,https://www.facebook.com/DLAndersonJrTX
701,https://www.twitter.com/DLAndersonJrTX
702,https://www.instagram.com/dlandersonjrtx/
703,candidate-Coy Branscum
704,https://coybranscum.com
705,https://www.facebook.com/coybranscum/
706,https://www.twitter.com/coybranscum
707,https://www.instagram.com/coybranscum
708,https://www.facebook.com/profile.php?id=100073934508922
709,https://www.linkedin.com/in/cgbranscum/
710,candidate-Cherif Gacis
711,https://www.cherif4congress.com/
712,https://www.facebook.com/Cherif4Congress
713,https://www.twitter.com/cherif4congress
714,https://www.instagram.com/cherif4congress
715,https://www.facebook.com/cgacis1
716,candidate-Scott Sturm
717,https://www.sturm4congress.com
718,https://www.facebook.com/SturmNextTerm
719,https://www.twitter.com/SturmNextTerm
720,https://www.youtube.com/channel/UCle5_llZ6IQTEHgW91AOlKw
721,candidate-Ricardo Villarreal
722,https://www.votericardovillarreal.com/
723,https://www.facebook.com/RicardoVillarrealTX21/
724,https://www.twitter.com/RVillarrealTX21
725,https://www.linkedin.com/in/drricardovillarreal/
726,candidate-Claudia Zapata
727,https://www.ConClaudia.com
728,https://www.facebook.com/PoderConClaudia
729,https://www.twitter.com/PoderConClaudia
730,https://www.instagram.com/PoderConClaudia
731,candidate-Chip Roy
732,https://roy.house.gov/
733,https://www.facebook.com/RepChipRoyPress
734,https://www.twitter.com/RepChipRoy
735,https://chiproy.com/
736,https://www.facebook.com/ChipRoyforCongress/
737,https://www.twitter.com/chiproytx
738,https://www.instagram.com/chiproytx/
739,https://www.youtube.com/channel/UCUp3Bj2EEnGlBuaUuXWgrpg
740,candidate-Michael French
741,https://www.french4congress.us
742,https://www.facebook.com/French4Congress
743,candidate-Robert Lowry
744,http://votelowry.com/
745,https://www.facebook.com/drrobertlowry
746,https://www.twitter.com/DrRobertLowry
747,candidate-Dana Zavorka
748,https://www.facebook.com/profile.php?id=100075712974297
749,https://www.facebook.com/profile.php?id=100075000604306
750,candidate-Jim Squires
751,https://www.squiresforcongress.com
752,https://www.facebook.com/squiresforcongress2022/
753,https://www.twitter.com/Squires2022
754,https://www.instagram.com/squires2022/
755,https://www.facebook.com/jim.squires27
756,candidate-Jamie Jordan
757,candidate-Matthew Berg
758,https://www.twitter.com/mattberg4texas
759,https://www.facebook.com/matticeberg
760,candidate-Jim Squires
761,https://www.squiresforcongress.com
762,https://www.facebook.com/squiresforcongress2022/
763,https://www.twitter.com/Squires2022
764,https://www.instagram.com/squires2022/
765,https://www.facebook.com/jim.squires27
766,candidate-Angel Vega
767,https://www.angelvega.com
768,https://www.facebook.com/AngelLuisVega
769,https://www.twitter.com/AngelLuisVega
770,https://www.instagram.com/anluisvega/
771,https://www.youtube.com/channel/UCRb_WwQaxok3OrrBueUaDDQ
772,candidate-Troy Nehls
773,https://ballotpedia.org/Help:Report_an_error
774,https://nehls.house.gov/
775,https://www.facebook.com/RepTroyNehls
776,https://www.twitter.com/RepTroyNehls
777,https://www.youtube.com/channel/UCf4v1ZzngfbZ-Ow9EiagaOA
778,https://www.nehlsforcongress.com/
779,https://www.facebook.com/SheriffTNehls
780,https://www.twitter.com/SheriffTNehls
781,https://www.instagram.com/troynehlstx/
782,https://www.linkedin.com/in/troy-e-nehls-909474116/
783,candidate-Gregory Thorne
784,https://www.gjt2022.com
785,https://www.facebook.com/gjt2022
786,https://www.twitter.com/gjt2022
787,https://www.facebook.com/greg.thorne.9
788,candidate-Joseph Leblanc
789,candidate-Priscilla Golden
790,candidate-John Lira
791,https://liraforcongress.com/
792,https://www.facebook.com/liraforcongress/
793,https://www.twitter.com/LiraForCongress
794,https://www.youtube.com/channel/UCRiNsbVJqTikoIq0AKdfgoA
795,https://www.linkedin.com/in/johnjlira/
796,candidate-Tony Gonzales
797,https://gonzales.house.gov/
798,https://www.facebook.com/RepTonyGonzales/
799,https://www.twitter.com/RepTonyGonzales
800,https://www.instagram.com/reptonygonzales/
801,https://www.youtube.com/channel/UCig5n4Otr-enqpM8OSJ8FGA
802,https://tonygonzalesforcongress.com/
803,https://www.facebook.com/TonyGonzalesForCongress
804,https://www.twitter.com/TonyGonzales4TX
805,https://www.youtube.com/channel/UCAuRovyQwaNVb8XFmd9HX4w
806,candidate-Alma Arredondo-Lynch
807,https://www.facebook.com/Dralmaforcongress
808,https://www.twitter.com/arredondo_lynch
809,https://www.facebook.com/alma.arredondolynch.9
810,https://www.linkedin.com/in/alma-g-arredondo-lynch-dds-121903113/
811,candidate-Alia Garcia-Ureste
812,https://electalia.com/
813,https://www.facebook.com/Alia4USCongress/
814,https://www.twitter.com/Alia4USCongress
815,https://www.youtube.com/channel/UC5Wj4BK7fuioISjIVoP8UUQ
816,https://www.facebook.com/profile.php?id=100058055799976
817,candidate-Kathy Fragnoli
818,https://kathy4congress.com
819,https://www.facebook.com/Kathy4Congress/
820,https://www.twitter.com/Kathy4Congress
821,https://www.instagram.com/kathy4congress
822,candidate-Derrik Gay
823,https://derrikgay.com/
824,https://www.facebook.com/DerrikGayForCongress
825,https://www.twitter.com/derrikgay
826,https://www.instagram.com/derrikgay
827,https://www.facebook.com/derriktg
828,https://www.linkedin.com/in/derrikgay/
829,candidate-Jan McDowell
830,https://www.JanMcDowell.com
831,https://www.facebook.com/JanMcDowellDemocrat/
832,https://www.twitter.com/JanForCongress
833,https://www.instagram.com/JanMcDowellForCongress
834,https://www.facebook.com/jan.mcdowell.96
835,https://www.linkedin.com/in/janmcdowell/
836,candidate-Michelle Beckley
837,https://house.texas.gov/members/member-page/?district=65
838,https://www.michellebeckley.com/
839,https://www.facebook.com/MichelleBeckleyTexas
840,https://www.twitter.com/BeckleyforTX
841,https://www.instagram.com/michellebeckleyfortexas/
842,https://www.youtube.com/michellebeckley
843,https://www.facebook.com/michelle.beckley
844,https://www.linkedin.com/in/michelle-beckley-3b41b4161/
845,candidate-Beth Van Duyne
846,https://ballotpedia.org/Help:Report_an_error
847,https://vanduyne.house.gov/
848,https://www.facebook.com/RepBethVanDuyne
849,https://www.twitter.com/RepBethVanDuyne
850,https://www.instagram.com/repbethvanduyne/
851,https://www.youtube.com/channel/UC891KwZoimDB36IzK1or_VA
852,https://bethfortexas.com/
853,https://www.facebook.com/BethVanDuyneTX
854,https://www.instagram.com/bethvanduynetx/
855,https://www.facebook.com/beth.vanduyne
856,https://www.linkedin.com/in/beth-van-duyne-60462a9/
857,candidate-Nate Weymouth
858,candidate-Roger Williams
859,https://williams.house.gov/
860,https://www.facebook.com/RepRogerWilliams/
861,https://www.twitter.com/RepRWilliams
862,https://www.instagram.com/reprwilliams/
863,https://www.youtube.com/channel/UCBtfmMMQarjtLB9U_pWMOhw
864,https://www.rogerforcongress.com/
865,https://www.facebook.com/rogerwilliamstx
866,https://www.twitter.com/RogerWilliamsTX
867,candidate-Tyler Smith
868,https://www.facebook.com/TylerSmith4Congress
869,https://www.twitter.com/TylerCongress
870,candidate-Michael C. Burgess
871,https://burgess.house.gov/
872,https://www.twitter.com/michaelcburgess
873,https://www.instagram.com/repmichaelburgess/
874,https://www.youtube.com/user/MichaelCBurgessMD/about
875,https://burgessforcongress.org/
876,https://www.facebook.com/DrBurgessTX
877,https://www.facebook.com/michaelcburgess/
878,candidate-Brian Brazeal
879,candidate-Vincent Gallo
880,https://galloforcongress.com
881,https://www.facebook.com/GalloforCongress
882,https://www.youtube.com/channel/UCwQ8E1mVEelLAX831z3is7w
883,https://www.facebook.com/profile.php?id=100075281108607
884,candidate-Raven Harrison
885,https://ravenharrison.com/
886,https://www.facebook.com/Raven-Harrison-4-Congress-R-TX-26-106379501844556/
887,https://www.twitter.com/raven4congress
888,https://www.instagram.com/raven4congress/
889,https://www.youtube.com/channel/UCIc2jXp-8Z3lMwB7hhPUFSw
890,candidate-Isaac Smith
891,https://www.isaacsmithforcongress.com
892,https://www.facebook.com/friendsofisaacsmith
893,https://www.youtube.com/channel/UCPTusndS1ZWdZy8l9-7yp3A/
894,https://www.linkedin.com/in/hdris/
895,candidate-Craig Walker
896,http://elect-craig.com/
897,candidate-Mike Kolls
898,http://tx24.us
899,candidate-Victor Melgoza
900,candidate-Maclovio Perez Jr.
901,https://maclovioforamerica.com/
902,https://www.facebook.com/Maclovio-Perez-for-US-Congress-District-27-103854165500831/
903,https://www.facebook.com/macloviop
904,https://www.linkedin.com/in/maclovio-perez-jr-40161912/
905,candidate-Anthony Tristan
906,https://tristanforcongress.com/
907,https://www.facebook.com/tristanforcongress/
908,https://www.twitter.com/anthonyjtristan
909,https://www.linkedin.com/in/anthony-james-tristan-41a62797/
910,candidate-Michael Cloud
911,https://cloud.house.gov/
912,https://www.facebook.com/RepCloudTX/
913,https://www.twitter.com/RepCloudTX
914,https://www.instagram.com/repcloudtx/
915,https://www.youtube.com/channel/UCv_kM3OZukHS0rjWpw_JMWg
916,https://www.cloudforcongress.com/
917,https://www.facebook.com/CloudforCongress
918,https://www.twitter.com/MichaelJCloud
919,https://www.instagram.com/michaeljcloud/
920,https://www.linkedin.com/in/michaeljcloud/
921,candidate-Andrew Alvarez
922,https://aaforcongress.com
923,https://www.facebook.com/andrewalvareztx
924,https://www.twitter.com/andrewalvareztx
925,https://www.instagram.com/aaforcongress/
926,candidate-A.J. Louderback
927,https://louderbackforcongress.com/
928,https://www.facebook.com/AndyLouderback
929,https://www.twitter.com/louderbackaj
930,https://www.facebook.com/aj.louderback.1
931,https://www.linkedin.com/in/aj-louderback-b8bb4812a/
932,candidate-Chris Mapp
933,https://mappforcongress27.com/
934,https://www.facebook.com/ckmapp/
935,https://www.twitter.com/ckmapp
936,https://www.instagram.com/ckmapp/
937,https://www.facebook.com/chris.mapp.52687
938,https://www.linkedin.com/in/chris-mapp-baa8ba141/
939,candidate-Eric Mireles
940,https://www.ericmirelesforcongress.com/
941,https://www.facebook.com/eric.mireles.524
942,candidate-Henry Cuellar
943,https://cuellar.house.gov/
944,https://www.facebook.com/repcuellar/
945,https://www.twitter.com/RepCuellar
946,https://www.instagram.com/repcuellar/
947,https://www.youtube.com/user/henrycuellar
948,https://www.henrycuellar.com/
949,https://www.facebook.com/cuellarcampaign
950,https://www.twitter.com/CuellarCampaign
951,https://www.instagram.com/cuellarcampaign/
952,https://www.linkedin.com/in/henry-cuellar-45492a148/
953,candidate-Tannya Benavides
954,https://www.tannyafortexas.com
955,https://www.facebook.com/tannyafortexas
956,https://www.twitter.com/TannyaForTexas
957,https://www.instagram.com/tannyafortexas/
958,https://www.youtube.com/channel/UCW2pfAPS58p-10sXRULVYqg
959,https://www.facebook.com/tannya.benavides
960,https://www.twitter.com/tannyabenavides
961,https://www.linkedin.com/in/tannya-benavides-m-s-ed-188689120
962,candidate-Jessica Cisneros
963,https://jessicacisnerosforcongress.com/home/
964,https://www.facebook.com/JCisnerosTX
965,https://www.twitter.com/JCisnerosTX
966,https://www.instagram.com/jcisnerostx_/
967,https://www.facebook.com/profile.php?id=1389590158
968,candidate-Ed Cabrera
969,https://www.edcabreraforsouthtexas.com/
970,https://www.facebook.com/EdCabreraforSouthTexas/
971,https://www.twitter.com/EdCabrera4SoTX
972,https://www.instagram.com/edcabreraforsouthtexas/
973,https://www.youtube.com/channel/UCcrX-xrilYHkUPJtpKnxtVQ
974,candidate-Ed Cabrera
975,https://www.edcabreraforsouthtexas.com/
976,https://www.facebook.com/EdCabreraforSouthTexas/
977,https://www.twitter.com/EdCabrera4SoTX
978,https://www.instagram.com/edcabreraforsouthtexas/
979,https://www.youtube.com/channel/UCcrX-xrilYHkUPJtpKnxtVQ
980,candidate-Steven Fowler
981,https://www.letsfightlikehell.com/
982,https://www.facebook.com/fightlikehelltx/
983,https://www.twitter.com/fightlikehelltx
984,https://www.linkedin.com/in/stevencfowler/
985,candidate-Cassy Garcia
986,https://www.cassyforcongress.com/
987,https://www.facebook.com/Cassy-Garcia-for-Congress-111701438027599
988,https://www.twitter.com/CasandraLGarcia
989,https://www.youtube.com/channel/UCRdSW4MO7Ezml0vF_1oPc9w
990,candidate-Eric Hohman
991,https://erichohman.com/
992,candidate-Rolando Rodriguez
993,https://www.rolando4congress.com/
994,https://www.facebook.com/Rolando-4-Congress-TX-US-District-28-112155894647105
995,https://www.twitter.com/Rolando4USD28
996,https://www.instagram.com/rolando4congress/
997,https://www.linkedin.com/in/rolando-rodriguez-161784227/
998,candidate-Willie Vasquez Ng
999,https://www.williefortexas.com/
1000,https://www.facebook.com/WillieForTexas
1001,https://www.twitter.com/WillieForTexas
1002,https://www.instagram.com/WillieForTexas
1003,https://www.youtube.com/channel/UCF48v5aiU2nmnpzeATOGAjA
1004,https://www.facebook.com/willie.ngjr
1005,https://www.linkedin.com/in/williengmpa/
1006,candidate-Sandra Whitten
1007,https://www.sandrafortexas.com/
1008,https://www.facebook.com/sandrafortexas
1009,https://www.twitter.com/texas_sandra
1010,https://www.instagram.com/sandrafortexas/
1011,https://www.youtube.com/channel/UC32u7WyHjO8OZn21Gfa4EKw
1012,https://www.facebook.com/slwhitten
1013,https://www.linkedin.com/in/sandra-whitten-0a3493a/
1014,candidate-Sylvia Garcia
1015,https://sylviagarcia.house.gov/
1016,https://www.facebook.com/RepSylviaGarcia/
1017,https://www.twitter.com/RepSylviaGarcia
1018,https://www.instagram.com/repsylviagarcia/
1019,https://www.youtube.com/channel/UCkDqAfUk6rg2namKW5dtQYA/featured
1020,https://www.sylviaforcongress.com/
1021,https://www.facebook.com/SylviaRGarcia
1022,https://www.linkedin.com/in/sylvia-garcia-6172b0187/
1023,candidate-Jaimy Annette Zoboulikos-Blanco
1024,https://jaimyblancoforcongress.com/
1025,https://www.facebook.com/jaimyblanco
1026,https://www.twitter.com/JaimyBlanco
1027,https://www.youtube.com/channel/UCDJ1xwTAhosNDjEjf0MdySw
1028,https://www.linkedin.com/in/jaimy-zouboulikos-blanco/
1029,candidate-Lulite Ejigu
1030,https://www.lulitefortexas.com/
1031,https://www.linkedin.com/in/lulite-ejigu-779ab834/
1032,candidate-Julio Garza
1033,candidate-Robert Schafranek
1034,candidate-Sarah Miller
1035,candidate-Barbara Mallory Caraway
1036,https://barbaramallorycarawayforcongress.org/
1037,https://www.twitter.com/BMalloryCaraway
1038,https://www.facebook.com/barbara.mallorycaraway.1
1039,https://www.linkedin.com/in/barbaramallorycaraway/
1040,candidate-Jasmine Crockett
1041,https://house.texas.gov/members/member-page/?district=100
1042,https://www.facebook.com/jasminefor100/
1043,https://www.jasmineforus.com
1044,https://www.twitter.com/JasmineForUS
1045,https://www.instagram.com/jasmineforus/
1046,https://www.youtube.com/channel/UCBYoL67diOf4u4G0x4IGW2w
1047,https://www.facebook.com/crockettlaw
1048,https://www.linkedin.com/in/jasmine-crockett-98435524/
1049,candidate-Arthur Dixon
1050,https://arthurforcongress.com/
1051,https://www.facebook.com/Arthurforcongress/
1052,https://www.twitter.com/ArthurDixonTX
1053,https://www.instagram.com/arthurdixontx/
1054,candidate-Jane Hamilton
1055,https://www.janehopehamilton.com/
1056,https://www.facebook.com/janehopetx
1057,https://www.twitter.com/JaneHopeTX
1058,https://www.instagram.com/janehopetx
1059,https://www.facebook.com/profile.php?id=100011569214869
1060,https://www.linkedin.com/in/jane-hamilton-752aa0145/
1061,candidate-Vonciel Jones Hill
1062,https://ballotpedia.org/Help:Report_an_error
1063,https://www.voncielforcongress.org/
1064,candidate-Keisha Lankford
1065,https://www.lankford4congress.com
1066,https://www.facebook.com/Lankford4Congress
1067,https://www.twitter.com/KeishaWLankford
1068,https://www.instagram.com/lankford4congress/
1069,https://www.facebook.com/keisha.williamslankford
1070,https://www.linkedin.com/in/dr-keisha-lankford-74482b69/
1071,candidate-Jessica Mason
1072,https://jessicamasonforcongress.com/
1073,https://www.facebook.com/JessicaMasonTX30/
1074,https://www.twitter.com/JessicaMasonTX
1075,https://www.instagram.com/Jessicamasontx30/
1076,https://www.youtube.com/channel/UCbKHB-3X75D4bqUINJ5qSww
1077,https://www.linkedin.com/in/jessica-mason-mpa-0a655522/
1078,candidate-Abel Mulugheta
1079,https://www.abelfortexas.com/
1080,https://www.facebook.com/abelfortexas/
1081,https://www.twitter.com/abelfortexas
1082,https://www.instagram.com/abelfortexas/
1083,https://www.youtube.com/user/amulugheta/
1084,https://www.facebook.com/abel.mulugheta
1085,https://www.linkedin.com/in/abelmulugheta/
1086,candidate-Roy Williams Jr.
1087,https://ballotpedia.org/Help:Report_an_error
1088,https://www.facebook.com/ConstableRoyWilliamsJr/
1089,https://www.facebook.com/roywmsjr
1090,https://www.twitter.com/roywmsjr
1091,https://www.linkedin.com/in/roy-williams-jr-enfp-5376ba27/
1092,candidate-Zachariah Manning
1093,http://zachariahmanning.com/
1094,https://www.twitter.com/ZachmanningTX
1095,https://www.facebook.com/zachariah.manning
1096,candidate-Lizbeth Diaz
1097,candidate-Kelvin Goodwin-Castillo
1098,https://goodwincastilloforcongress.com/
1099,https://www.twitter.com/goodwinCastillo
1100,https://www.facebook.com/profile.php?id=100076284157571
1101,candidate-James Harris
1102,candidate-Dakinya Jefferson
1103,https://www.twitter.com/for_kinya
1104,candidate-Angeigh Roc'ellerpitts
1105,candidate-James Rodgers
1106,https://jamesrodgersforcongress.com
1107,https://www.instagram.com/JamesRodgersforCongress
1108,candidate-Phil Gray
1109,https://www.facebook.com/phil.gray.1460
1110,candidate-Jonathan Hildner
1111,https://www.hildnerfortx.com/
1112,https://www.facebook.com/HildnerforTX
1113,https://www.twitter.com/HildnerforTexas
1114,https://www.instagram.com/HildnerforTexas/
1115,https://www.facebook.com/jhildner
1116,https://www.twitter.com/hildnerjonathan
1117,https://www.linkedin.com/in/jonathan-hildner/
1118,candidate-Christopher Scurry
1119,https://www.instagram.com/scurrylaw/
1120,https://www.youtube.com/channel/UCvQxmBHzAJqbUCtpPXUz95g
1121,https://www.christopherscurry.com/
1122,https://www.facebook.com/christopher.scurry.35
1123,https://www.linkedin.com/in/christopher-scurry-a1390617/
1124,candidate-John Carter
1125,https://ballotpedia.org/Help:Report_an_error
1126,https://carter.house.gov/
1127,https://www.facebook.com/judgecarter/
1128,https://www.twitter.com/JudgeCarter
1129,https://www.instagram.com/judgecarter/
1130,https://www.youtube.com/user/RepJohnCarter
1131,https://www.johncarterforcongress.com/
1132,https://www.facebook.com/JudgeJohnCarter
1133,https://www.twitter.com/JudgeJohnCarter
1134,https://www.instagram.com/johncarterforcongress/
1135,https://www.youtube.com/channel/UCJO-i9iopbo3-lxa5MEH7hQ
1136,candidate-Abhiram Garapati
1137,https://www.garapatifortexas.com/
1138,https://www.facebook.com/GarapatiForTexas
1139,https://www.twitter.com/garapati4texas
1140,https://www.instagram.com/garapatiabhiram/
1141,https://www.facebook.com/abhiramcgarapati
1142,https://www.linkedin.com/in/abhiram-garapati-58b5b2180/
1143,candidate-Mike Williams
1144,https://mikewilliams31ctx.com/
1145,https://www.youtube.com/channel/UC-v0QVtjwqcjqqQT4BJ9HhA
1146,candidate-Jason Hutson
1147,https://jasonhutsonforcongress.com/
1148,https://www.facebook.com/TheJasonHutson
1149,https://www.twitter.com/JasonWHutson
1150,candidate-Derrick Johns
1151,https://derrick4Texas.com
1152,https://www.linkedin.com/in/derrick-johns-0256173a/
1153,candidate-Colin Allred
1154,https://allred.house.gov/
1155,https://www.facebook.com/RepColinAllred/
1156,https://www.twitter.com/RepColinAllred
1157,https://www.instagram.com/repcolinallred/
1158,https://www.youtube.com/channel/UCm3l7ZntoH0EI2vIsvxeVqg
1159,https://www.colinallred.com/
1160,https://www.facebook.com/ColinAllredTX
1161,https://www.twitter.com/ColinAllredTX
1162,https://www.instagram.com/colinallred/
1163,https://www.youtube.com/channel/UCv_kTAvhdrxqypsiv7CqDgg
1164,candidate-Nathan Davis
1165,https://nathandavistx.com/
1166,https://www.facebook.com/NathanDavisTX
1167,https://www.twitter.com/NathanDavisTX
1168,https://www.instagram.com/nathandavistx/
1169,https://www.youtube.com/channel/UCvxN61HIux5Z3NnywHvXK0w
1170,https://www.facebook.com/nathan.davis.12576049
1171,candidate-Darrell Day
1172,https://www.dayfortexas.com/
1173,candidate-Brad Namdar
1174,https://www.bradnamdar.com/
1175,https://www.facebook.com/bradnamdartx/
1176,https://www.twitter.com/BradNamdar
1177,https://www.instagram.com/bradnamdarforcongress/
1178,https://www.youtube.com/channel/UCAIWhCsTyQm9b_ZoL3H4bqg
1179,candidate-Ejike Okpa
1180,https://www.okpaforcongress.com
1181,https://www.facebook.com/okpaforcongress
1182,https://www.twitter.com/okpaforcongress
1183,https://www.instagram.com/okpaforcongress
1184,https://www.facebook.com/ejike.okpa.3
1185,https://www.twitter.com/okpa
1186,https://www.linkedin.com/in/e-e-okpa-5b642121/
1187,candidate-Antonio Swad
1188,https://swadforcongress.com
1189,https://www.facebook.com/Swad-for-Congress-114888577774479
1190,https://www.twitter.com/swadforcongress
1191,https://www.instagram.com/swadforcongress/
1192,https://www.youtube.com/channel/UCbTTPz7nRrr7nSY5NRdB2iQ
1193,https://www.linkedin.com/in/antonio-swad-181b64178/
1194,candidate-Justin Webb
1195,https://webbfortexas.com/
1196,https://www.facebook.com/WebbForTexas/
1197,candidate-Montgomery Markland
1198,candidate-Ricardo Salazar
1199,candidate-Gary Slagel
1200,candidate-Nathan Bosley
1201,candidate-Marc Veasey
1202,https://veasey.house.gov/
1203,https://www.facebook.com/CongressmanMarcVeasey/
1204,https://www.twitter.com/RepVeasey
1205,https://www.instagram.com/repveasey/
1206,https://www.youtube.com/user/RepMarcVeasey
1207,https://marcveasey.com/
1208,https://www.facebook.com/MarcVeasey
1209,https://www.twitter.com/MarcVeasey
1210,https://www.instagram.com/marcveasey/
1211,https://www.facebook.com/marc.veasey.1
1212,https://www.linkedin.com/in/marc-veasey-3b2b002/
1213,candidate-Carlos Quintanilla
1214,https://quintanillaforcongress.com/
1215,https://www.facebook.com/CarlosQuintanillaforCongress/
1216,https://www.instagram.com/Carlosquintanillaofficial/
1217,https://www.facebook.com/carlos.quintanilla.90
1218,https://www.youtube.com/user/accionamerica
1219,candidate-Patrick Gillespie
1220,https://patrickgillespie4congress33.com
1221,candidate-Robert MacGlaflin
1222,https://robertmacglaflin.com/
1223,https://www.facebook.com/robert.macglaflin/
1224,https://www.linkedin.com/in/robert-j-mac-glaflin-a193bb2a/
1225,candidate-Ken Ashby
1226,candidate-Vicente Gonzalez Jr.
1227,https://gonzalez.house.gov/
1228,https://www.facebook.com/RepVicenteGonzalez
1229,https://www.twitter.com/RepGonzalez
1230,https://www.instagram.com/repvicentegonzalez/
1231,https://www.youtube.com/channel/UC5H6oYLKQ_xIXO5CG7fh4hw
1232,https://www.vicentegonzalez.com//
1233,https://www.facebook.com/votevicente
1234,candidate-Laura Cisneros
1235,https://drlauracisneros4uscongress.com/
1236,https://www.facebook.com/drlauracisneros4uscongress/
1237,https://www.instagram.com/dr.lauracisneros/
1238,candidate-Filemon Meza
1239,candidate-Beatriz Reynoso
1240,https://votebeatriz.com
1241,https://www.facebook.com/votebeatriz
1242,https://www.twitter.com/VoteBeatrizTx34
1243,https://www.instagram.com/beatrizreynosoforcongress/
1244,https://www.youtube.com/channel/UC8P4kv4Mxh34oSx0BUkM29g
1245,candidate-Osbert Rodriguez Haro III
1246,https://haroforcongress.com/
1247,https://www.facebook.com/people/Osbert-Rodriguez-Haro-III-for-Congress/100057880997866/
1248,https://www.facebook.com/osbert.harorodriguez
1249,https://www.linkedin.com/in/dr-osbert-haro-a5b60480/
1250,candidate-William Thompson
1251,https://texansforthompson.com/
1252,https://www.facebook.com/William-Thompson-for-Congress-105035352013205/
1253,candidate-Diego Zavala
1254,https://www.zavalaforcongress.com/
1255,https://www.facebook.com/DiegoZavalaforCongress
1256,https://www.instagram.com/zavalaforcongress/
1257,https://www.youtube.com/channel/UCwNnIOSjOKGEVM1LZ5tBtpA
1258,https://www.facebook.com/diego.zavala.33
1259,https://www.linkedin.com/in/diego-zavala-2a5985148/
1260,candidate-Rochelle Garza
1261,https://www.rochellegarzafortexas.com
1262,https://www.facebook.com/rochellemgarza
1263,https://www.twitter.com/RochelleMGarza
1264,https://www.instagram.com/rochellemgarza/
1265,https://www.linkedin.com/in/rochelle-mercedes-garza-1a832214/
1266,candidate-Jaime Rodriguez
1267,http://jaimerodriguezforcongress.com/
1268,https://www.facebook.com/Jaimerodriguezforcongress
1269,candidate-Ryan Trevino
1270,https://www.twitter.com/ryantrevinous
1271,candidate-Juana Cantu-Cabrera
1272,https://www.juanacantu-cabreraforcongress.com/
1273,https://www.facebook.com/Dr-Juana-Cantu-Cabrera-For-Congress-110244711503387
1274,https://www.linkedin.com/in/dr-juana-cantu-cabrera-89168b20/
1275,candidate-Mayra Flores
1276,https://www.mayrafloresforcongress.com/
1277,https://www.facebook.com/mayrafloresforcongress/
1278,https://www.twitter.com/MayraFlores2022
1279,https://www.instagram.com/mayrafloresforcongress/
1280,https://www.linkedin.com/in/mayraflores/
1281,candidate-Gregory Kunkle Jr.
1282,https://kunkleforcongress.com
1283,https://www.facebook.com/kunkleforcongress
1284,https://www.twitter.com/GregoryKunkleJr
1285,https://www.instagram.com/kunkleforcongresstx34/
1286,https://www.facebook.com/gskunkle
1287,candidate-Frank McCaffrey
1288,https://frankforcongress.net
1289,https://www.facebook.com/profile.php?id=100072122709507
1290,https://www.twitter.com/FrankCongress
1291,https://www.youtube.com/channel/UC-OaT3U5F53l8y2RyhFz7YQ
1292,https://www.facebook.com/frank.mccaffrey
1293,https://www.linkedin.com/in/frank-mccaffrey-80bb357/
1294,candidate-Larry Polsky
1295,candidate-Philip Sotelo
1296,https://www.facebook.com/PhilForCongressTX34
1297,https://www.youtube.com/channel/UCuSiYCyjxKcQtv8oWBvPXNg
1298,https://www.twitter.com/philsotelo
1299,https://www.youtube.com/channel/UCaIC71CHwDTHwgs5EWM1j7g
1300,candidate-Greg Casar
1301,https://ballotpedia.org/Help:Report_an_error
1302,https://www.casarforcongress.com/
1303,https://www.facebook.com/GregCasar/
1304,https://www.twitter.com/GregCasar
1305,https://www.instagram.com/gregcasar/
1306,https://www.youtube.com/channel/UCCCnQoFybO9cpTnXoDYLX2w
1307,candidate-Eddie Rodriguez
1308,https://house.texas.gov/members/member-page/?district=51
1309,https://www.eddiefortexas.com/
1310,https://www.facebook.com/EddieforTexas/
1311,https://www.twitter.com/EddieforTexas
1312,https://www.facebook.com/repeddie
1313,https://www.linkedin.com/in/eddie-rodriguez-95990826/
1314,candidate-Carla-Joy Sisco
1315,https://carla-joyfordistrict35.com/
1316,https://www.facebook.com/carlajoyforcongress
1317,candidate-Rebecca J. Viagran
1318,https://ballotpedia.org/Help:Report_an_error
1319,https://viagranforcongress.com/
1320,https://www.facebook.com/VoteforRebecca
1321,https://www.twitter.com/ViagranCongress
1322,https://www.twitter.com/voteviagran
1323,https://www.linkedin.com/in/rebecca-j-viagran-9919b337/
1324,candidate-Danielle Fewings
1325,https://www.twitter.com/DANIELLEFEWINGS
1326,https://www.linkedin.com/in/daniellefewings/
1327,candidate-Sass
1328,https://www.facebook.com/VoteForSass
1329,https://www.twitter.com/SassOfficial
1330,https://www.instagram.com/voteforsass/
1331,https://www.youtube.com/channel/UCY1aZIlT-iGP6SzdHgliu7w
1332,https://www.facebook.com/jman722
1333,https://www.youtube.com/c/sassinyourclass
1334,https://www.linkedin.com/in/voteforsass/
1335,candidate-Jenai Aragona-Hales
1336,https://www.facebook.com/jenai.hales
1337,https://www.twitter.com/jenaih
1338,candidate-Bill Condict
1339,https://condict4congress.com
1340,candidate-Marilyn Jackson
1341,https://www.marilynfortexas.com/
1342,https://www.facebook.com/MarilynJacksonForTexas
1343,candidate-Alejandro Ledezma
1344,https://alejandrotx.com
1345,https://www.twitter.com/AlejaLedezmaTX
1346,candidate-Dan McQueen
1347,https://ballotpedia.org/Help:Report_an_error
1348,http://www.mcqueenforcongress.com/
1349,https://www.facebook.com/mcqueenforcongress
1350,candidate-Sam Montoya
1351,https://www.capitolsam.com/
1352,https://www.facebook.com/people/Sam-Montoya/100076721350679/
1353,https://www.twitter.com/SamCMontoya
1354,https://www.instagram.com/samcmontoya/
1355,candidate-Asa Palagi
1356,https://www.facebook.com/AsaGKPalagi/
1357,candidate-Michael Rodriguez
1358,candidate-Dan Sawatzki
1359,https://dansawatzki.com
1360,candidate-Jennifer Sundt
1361,http://jen4congress2022.com/
1362,candidate-Michael Idrogo
1363,http://michaelformayor.info/
1364,candidate-Jon Haire
1365,https://jonhaireforcongress.com/
1366,https://www.facebook.com/jonhaireforcongress
1367,https://www.twitter.com/jonhaire_36
1368,https://www.facebook.com/people/Jon-Haire/100071069596239/
1369,candidate-Brian Babin
1370,https://babin.house.gov/
1371,https://www.facebook.com/RepBrianBabin/
1372,https://www.twitter.com/RepBrianBabin
1373,https://www.instagram.com/rep.brianbabin/
1374,https://www.youtube.com/channel/UCPVEZgw-VbDRbLV1MRGVQNQ
1375,https://www.babinforcongress.com/
1376,https://www.facebook.com/BabinForCongress
1377,https://www.twitter.com/babin4congress
1378,https://www.youtube.com/channel/UC0ej3-aJaG4YI3GUZuaI2JA
1379,candidate-Lloyd Doggett
1380,https://doggett.house.gov/
1381,https://www.facebook.com/RepLloydDoggett/
1382,https://www.twitter.com/RepLloydDoggett
1383,https://www.instagram.com/replloyddoggett/
1384,https://www.youtube.com/user/doggett
1385,https://www.votedoggett.com/
1386,https://www.facebook.com/LloydDoggettTX
1387,https://www.twitter.com/LloydDoggettTX
1388,candidate-Quinton Beaubouef
1389,candidate-Donna Imam
1390,https://votefordonna.com/
1391,https://www.facebook.com/donnaimamTX
1392,https://www.twitter.com/donnaimamTX
1393,https://www.instagram.com/donnaimamtx
1394,https://www.youtube.com/channel/UCY8AGUcmHoN2STltrw_J9ZA
1395,https://www.facebook.com/donnaimam
1396,https://www.linkedin.com/in/donnaimam/
1397,candidate-Christopher Jones
1398,https://www.chrisjonesatx.com/
1399,https://www.twitter.com/chrisjones_tx37
1400,https://www.instagram.com/chrisjones_tx37
1401,candidate-Hasani Burton
1402,https://www.hasani4progress.com/
1403,https://www.facebook.com/Hasani4Progress/
1404,https://www.twitter.com/Hasani4Progress
1405,https://www.instagram.com/hasani4progress/
1406,https://www.youtube.com/channel/UC2gMefurOGWfx0G5v-7sW_A
1407,https://www.facebook.com/hasani.burton
1408,https://www.twitter.com/HasaniBurton
1409,candidate-Jeremiah Diacogiannis
1410,https://www.jd4tx.org/
1411,https://www.facebook.com/jd4tx
1412,https://www.twitter.com/JD4TX
1413,candidate-Jenny Garcia Sharon
1414,https://jennygarciasharon.com/
1415,https://www.twitter.com/jenny4congress
1416,https://www.instagram.com/jennyforcongress/
1417,candidate-Rod Lingsch
1418,candidate-Clark Patterson
1419,https://www.facebook.com/clarkpatterson
1420,https://www.twitter.com/ClarkPatterson
1421,https://www.linkedin.com/in/clarkpattersonphotography/
1422,candidate-Nazirite Perez
1423,candidate-Duncan Klussmann
1424,candidate-Diana Martinez Alexander
1425,https://dianafortexas.com/
1426,https://www.facebook.com/dianafortexas
1427,https://www.twitter.com/dianafortexas
1428,https://www.instagram.com/dianafortexas/
1429,https://www.facebook.com/dmalexa
1430,https://www.linkedin.com/in/diana-m-alexander-339a0980/
1431,candidate-Centrell Reed
1432,https://www.CReedforCongress.com
1433,https://www.twitter.com/TheCentrell
1434,https://www.instagram.com/CentrellReed
1435,https://centrellreed.com/
1436,https://www.twitter.com/THECENTRELL
1437,https://www.linkedin.com/in/thecentrell
1438,candidate-Philip Covarrubias
1439,https://www.philcforcd38.com/
1440,https://www.facebook.com/PhilCovarrubiasforCD38/
1441,https://www.twitter.com/PhilipACovarru2
1442,https://www.facebook.com/phil.covarrubias.39
1443,candidate-Alex Cross
1444,candidate-Jerry Ford Sr.
1445,https://www.jerryfordfortexas.com/
1446,https://www.youtube.com/channel/UCHHjf7CKBc9K6w-YwcH_ueA
1447,https://www.linkedin.com/in/jerry-ford-592b64186/
1448,candidate-Brett Guillory
1449,https://brettguilloryforcongress.com/
1450,https://www.facebook.com/people/Brett-Guillory-for-United-States-Congress-2022/100064084143077/
1451,https://www.twitter.com/BGuilloryForTX
1452,https://www.instagram.com/brettguilloryfortx/
1453,https://www.facebook.com/brett.guillory.1
1454,https://www.linkedin.com/in/brett-guillory-82387834/
1455,candidate-David Hogan
1456,https://hoganforcongress.org
1457,https://www.facebook.com/Hogan4Congress
1458,https://www.facebook.com/david.hogan.543
1459,https://www.youtube.com/channel/UCc49GpICgQuUSe2nU6cADTA/
1460,candidate-Wesley Hunt
1461,https://wesleyfortexas.com/
1462,https://www.facebook.com/WesleyHuntTX/
1463,https://www.twitter.com/WesleyHuntTX
1464,https://www.instagram.com/wesleyfortexas/
1465,https://www.youtube.com/channel/UC9fCbGOuBiZK06bkiUjVGoA
1466,https://www.facebook.com/wesley.hunt.545
1467,https://www.linkedin.com/in/wesley-hunt-33800095/
1468,candidate-Roland Lopez
1469,https://www.TexansForLopez.com
1470,https://www.facebook.com/TexansForLopez
1471,https://www.twitter.com/TexansForLopez
1472,https://www.instagram.com/TexansForLopez
1473,candidate-Damien Mockus
1474,https://mockusforcongress.com/
1475,https://www.facebook.com/Vote-Mockus-102137668956911
1476,https://www.twitter.com/VoteMockus
1477,https://www.gym-cypress.com/pages/staff
1478,https://www.linkedin.com/in/damien-mockus-a7a70b89/
1479,candidate-Mark Ramsey
1480,https://ramseyfortexas.com/
1481,https://www.twitter.com/RAMSEYforTXCD38
1482,https://www.facebook.com/MarkSRamsey
